Goma	Goma International Airport	GOM	Democratic Republic of the Congo	Africa
Kinshasa	N'djili Airport	FIH	Democratic Republic of the Congo	Africa
Kisangani	Bangoka International Airport	FKI	Democratic Republic of the Congo	Africa
Lubumbashi	Lubumbashi International Airport	FBM	Democratic Republic of the Congo	Africa
Brazzaville	Maya-Maya Airport	BZV	Republic of the Congo	Africa
Pointe-Noire	Pointe Noire Airport	PNR	Republic of the Congo	Africa
Malabo	Malabo International Airport	SSG	Equatorial Guinea	Africa
Franceville	M'Vengue El Hadj Omar Bongo Ondimba International Airport	MVB	Gabon	Africa
Libreville	Libreville International Airport	LBV	Gabon	Africa
Port-Gentil	Port-Gentil International Airport	POG	Gabon	Africa
São Tomé	São Tomé International Airport	TMS	São Tomé and Príncipe	Africa
Bujumbura	Bujumbura International Airport	BJM	Burundi	Africa
Moroni, Comoros	Prince Said Ibrahim International Airport	HAH	Comoros	Africa
Eldoret	Eldoret International Airport	EDL	Kenya	Africa
Mombasa	Moi International Airport	MBA	Kenya	Africa
Kisumu	Kisumu International Airport	KIS	Kenya	Africa
Nairobi	Jomo Kenyatta International Airport	NBO	Kenya	Africa
Plaine Magnien	Sir Seewoosagur Ramgoolam International Airport	MRU	Mauritius	Africa
Saint-Denis	Roland Garros Airport	RUN	Réunion	Africa
Kigali	Kigali International Airport	KGL	Rwanda	Africa
Victoria	Seychelles International Airport	SEZ	Seychelles	Africa
Juba	Juba International Airport	JUB	South Sudan	Africa
Dar es Salaam	Julius Nyerere International Airport	DAR	Tanzania	Africa
Hai District	Kilimanjaro International Airport	JRO	Tanzania	Africa
Unguja, Zanzibar	Abeid Amani Karume International Airport	ZNZ	Tanzania	Africa
Entebbe	Entebbe International Airport	EBB	Uganda	Africa
Djibouti City	Djibouti–Ambouli International Airport	JIB	Djibouti	Africa
Asmara	Asmara International Airport	ASM	Eritrea	Africa
Addis Ababa	Addis Ababa Bole International Airport	ADD	Ethiopia	Africa
Dire Dawa	Aba Tenna Dejazmach Yilma International Airport	DIR	Ethiopia	Africa
Bosaso	Bosaso Airport	BSA	Somalia	Africa
Galkayo	Abdullahi Yusuf Airport	GBY	Somalia	Africa
Garowe	Garowe Airport	GGR	Somalia	Africa
Hargeisa	Hargeisa Airport	HGA	Somalia	Africa
Kismayo	Kismayo Airport	KMU	Somalia	Africa
Mogadishu	Aden Adde International Airport	MGQ	Somalia	Africa
Adrar	Touat-Cheikh Sidi Mohamed Belkebir Airport	AZR	Algeria	Africa
Algiers	Houari Boumedienne Airport	ALG	Algeria	Africa
Annaba	Rabah Bitat Airport	AAE	Algeria	Africa
Batna	Batna Airport	BLJ	Algeria	Africa
Bejaia	Soummam Airport	BJA	Algeria	Africa
Oumache	Biskra Airport	BSK	Algeria	Africa
Chlef	Chlef International Airport	CFK	Algeria	Africa
Constantine	Mohamed Boudiaf Airport	CZL	Algeria	Africa
Hassi Messaoud	Oued Irara Airport	HME	Algeria	Africa
Jijel	Jijel Ferhat Abbas Airport	GJL	Algeria	Africa
Oran	Oran Es Senia Airport	ORN	Algeria	Africa
Sétif	Ain Arnat Airport	QSF	Algeria	Africa
Tamanrasset	Tamanrasset Airport	TMR	Algeria	Africa
Tlemcen	Zenata Airport	TLM	Algeria	Africa
N'Djamena	N'Djamena International Airport	NDJ	Chad	Africa
Alexandria	Borg El Arab Airport	HBE	Egypt	Africa
Alexandria	Alexandria International Airport	ALY	Egypt	Africa
Asyut	Assiut Airport	ATZ	Egypt	Africa
Aswan	Aswan International Airport	ASW	Egypt	Africa
Cairo	Cairo International Airport	CAI	Egypt	Africa
El Arish	El Arish International Airport	AAC	Egypt	Africa
El Dabaa	Al Alamain International Airport	DBB	Egypt	Africa
Hurghada	Hurghada International Airport	HRG	Egypt	Africa
Luxor	Luxor International Airport	LXR	Egypt	Africa
Marsa Alam	Marsa Alam International Airport	RMF	Egypt	Africa
Mersa Matruh	Mersa Matruh Airport	MUH	Egypt	Africa
Saint Catherine	St. Catherine International Airport	SKV	Egypt	Africa
Sharm el-Sheikh	Sharm el-Sheikh International Airport	SSH	Egypt	Africa
Sohag	Sohag International Airport	HMB	Egypt	Africa
Taba	Taba International Airport	TCP	Egypt	Africa
Benghazi	Benina International Airport	BEN	Libya	Africa
Sabha	Sebha Airport	SEB	Libya	Africa
Tripoli	Tripoli International Airport	TIP	Libya	Africa
Tajoura	Mitiga International Airport	MJI	Libya	Africa
Agadir	Al Massira Airport	AGA	Morocco	Africa
Casablanca	Mohammed V International Airport	CMN	Morocco	Africa
Fes	Fes-Saïss Airport	FEZ	Morocco	Africa
Marrakech	Marrakech-Menara Airport	RAK	Morocco	Africa
Nador	Nador International Airport	NDR	Morocco	Africa
Oujda	Angads Airport	OUD	Morocco	Africa
Rabat	Rabat-Salé Airport	RBA	Morocco	Africa
Tangier	Tangier-Boukhalef Airport	TNG	Morocco	Africa
Tetouan	Sania Ramel Airport	TTU	Morocco	Africa
Dakhla	Dakhla Airport	VIL	Morocco	Africa
Laâyoune	Hassan I Airport	EUN	Morocco	Africa
Khartoum	Khartoum International Airport	KRT	Sudan	Africa
Port Sudan	Port Sudan New International Airport	PZU	Sudan	Africa
Djerba	Zarzis Airport	DJE	Tunisia	Africa
Enfidha	Enfidha-Hammamet International Airport	NBE	Tunisia	Africa
Monastir	Habib Bourguiba International Airport	MIR	Tunisia	Africa
Sfax	Thyna International Airport	SFA	Tunisia	Africa
Tabarka	7 Novembre International Airport	TBJ	Tunisia	Africa
Tozeur	Nefta International Airport	TOE	Tunisia	Africa
Tunis	Carthage International Airport	TUN	Tunisia	Africa
Luanda	Quatro de Fevereiro Airport	LAD	Angola	Africa
Lubango	Lubango Airport	SSD	Angola	Africa
Gaborone	Sir Seretse Khama International Airport	GBE	Botswana	Africa
Maun	Maun Airport	MUB	Botswana	Africa
Francistown	Francistown Airport	FRW	Botswana	Africa
Kasane	Kasane Airport	BBK	Botswana	Africa
Maseru	Moshoeshoe I International Airport	MSU	Lesotho	Africa
Antananarivo	Ivato International Airport	TNR	Madagascar	Africa
Antsiranana	Arrachart Airport	DIE	Madagascar	Africa
Mahajanga	Amborovy Airport	MJN	Madagascar	Africa
Nosy Be	Fascene Airport	NOS	Madagascar	Africa
Toamasina	Toamasina Airport	TMM	Madagascar	Africa
Tôlanaro	Tôlanaro Airport	FTU	Madagascar	Africa
Toliara	Toliara Airport	TLE	Madagascar	Africa
Blantyre	Chileka International Airport	BLZ	Malawi	Africa
Lilongwe	Lilongwe International Airport	LLW	Malawi	Africa
Dzaoudzi	Dzaoudzi–Pamandzi International Airport	DZA	Mayotte	Africa
Maputo	Maputo International Airport	MPM	Mozambique	Africa
Beira	Beira Airport	BEW	Mozambique	Africa
Inhambane	Inhambane Airport	INH	Mozambique	Africa
Nampula	Nampula Airport	APL	Mozambique	Africa
Pemba	Pemba Airport	POL	Mozambique	Africa
Tete	Chingozi Airport	TET	Mozambique	Africa
Vilankulo	Vilankulo Airport	VNX	Mozambique	Africa
Windhoek	Hosea Kutako International Airport	WDH	Namibia	Africa
Walvis Bay	Walvis Bay Airport	WVB	Namibia	Africa
Cape Town	Cape Town International Airport	CPT	South Africa	Africa
Durban	King Shaka International Airport	DUR	South Africa	Africa
Johannesburg	OR Tambo International Airport	JNB	South Africa	Africa
Nelspruit	Kruger Mpumalanga International Airport	MQP	South Africa	Africa
Johannesburg	Lanseria International Airport	HLA	South Africa	Africa
Manzini	King Mswati III International Airport	SHO	Swaziland	Africa
Livingstone	Harry Mwanga Nkumbula International Airport	LVI	Zambia	Africa
Lusaka	Kenneth Kaunda International Airport	LUN	Zambia	Africa
Ndola	Simon Mwansa Kapwepwe International Airport	NLA	Zambia	Africa
Harare	Robert Gabriel Mugabe International Airport	HRE	Zimbabwe	Africa
Victoria Falls	Victoria Falls Airport	VFA	Zimbabwe	Africa
Bulawayo	Joshua Mqabuko Nkomo International Airport	BUQ	Zimbabwe	Africa
Cotonou	Cadjehoun Airport	COO	Benin	Africa
Bobo-Dioulasso	Bobo Dioulasso Airport	BOY	Burkina Faso	Africa
Ouagadougou	Ouagadougou Airport	OUA	Burkina Faso	Africa
Douala	Douala Airport	DLA	Cameroon	Africa
Yaoundé	Nsimalen Airport	NSI	Cameroon	Africa
Boa Vista Island	Aristides Pereira International Airport	BVC	Cape Verde	Africa
Sal Island	Amílcar Cabral International Airport	SID	Cape Verde	Africa
Praia, Santiago Island	Nelson Mandela International Airport	RAI	Cape Verde	Africa
Sao Vicente Island	Cesária Évora Airport	VXE	Cape Verde	Africa
Bangui	M'Poko International Airport	BGF	Central African Republic	Africa
Abidjan	Port Bouet Airport	ABJ	Côte d'Ivoire	Africa
Banjul	Banjul International Airport	BJL	Gambia	Africa
Accra	Kotoka International Airport	ACC	Ghana	Africa
Tamale	Tamale Airport	TML	Ghana	Africa
Conakry	Conakry International Airport	CKY	Guinea	Africa
Bissau	Osvaldo Vieira International Airport	OXB	Guinea-Bissau	Africa
Bubaque	Bubaque Airport	BQE	Guinea-Bissau	Africa
Monrovia	Roberts International Airport	ROB	Liberia	Africa
Bamako	Senou International Airport	BKO	Mali	Africa
Nouakchott	Nouakchott–Oumtounsy International Airport	NKC	Mauritania	Africa
Nouadhibou	Nouadhibou International Airport	NDB	Mauritania	Africa
Niamey	Diori Hamani International Airport	NIM	Niger	Africa
Abuja	Nnamdi Azikiwe International Airport	ABV	Nigeria	Africa
Calabar	Margaret Ekpo International Airport	CBQ	Nigeria	Africa
Asaba, Delta	Asaba International Airport	ABB	Nigeria	Africa
Kano	Mallam Aminu Kano International Airport	KAN	Nigeria	Africa
Lagos	Murtala Mohammed International Airport	LOS	Nigeria	Africa
Port Harcourt	Port Harcourt International Airport	PHC	Nigeria	Africa
Enugu	Akanu Ibiam International Airport	ENU	Nigeria	Africa
Sokoto	Sadiq Abubakar III International Airport	SKO	Nigeria	Africa
Dakar	Léopold Sédar Senghor International Airport	DKR	Senegal	Africa
Freetown	Lungi International Airport	FNA	Sierra Leone	Africa
Lomé	Tokoin Airport	LFW	Togo	Africa
The Valley	Clayton J. Lloyd International Airport	AXA	Anguilla	Americas
Antigua	VC Bird International Airport	ANU	Antigua and Barbuda	Americas
Nassau	Lynden Pindling International Airport	NAS	Bahamas	Americas
Chub Cay	Chub Cay International Airport	CCZ	Bahamas	Americas
Exuma	Exuma International Airport	GGT	Bahamas	Americas
Freeport	Grand Bahama International Airport	FPO	Bahamas	Americas
South Eleuthera	Rock Sound International Airport	RSD	Bahamas	Americas
Marsh Harbour	Marsh Harbor International Airport	MHH[1]	Bahamas	Americas
Christ Church, Barbados	Grantley Adams International Airport	BGI	Barbados	Americas
Road Town	Terrance B. Lettsome International Airport	EIS	British Virgin Islands	Americas
Cayman Brac	Charles Kirkconnell International Airport	CYB	Cayman Islands	Americas
Georgetown	Owen Roberts International Airport	GCM	Cayman Islands	Americas
Camagüey	Ignacio Agramonte International Airport	CMW	Cuba	Americas
Cayo Coco	Jardines del Rey Airport	CCC	Cuba	Americas
Cayo Largo del Sur	Vilo Acuña Airport	CYO	Cuba	Americas
Cienfuegos	Jaime González Airport	CFG	Cuba	Americas
Havana	José Martí International Airport	HAV	Cuba	Americas
Holguín	Frank País Airport	HOG	Cuba	Americas
Santa Clara	Abel Santa María Airport	SNU	Cuba	Americas
Santiago de Cuba	Antonio Maceo Airport	SCU	Cuba	Americas
Varadero	Juan Gualberto Gómez Airport	VRA	Cuba	Americas
Roseau	Melville Hall Airport	DOM	Dominica	Americas
Barahona	María Montez International Airport	BRX	Dominican Republic	Americas
La Romana	La Romana International Airport	LRM	Dominican Republic	Americas
Punta Cana	Punta Cana International Airport	PUJ	Dominican Republic	Americas
Samana	Samaná El Catey International Airport	AZS	Dominican Republic	Americas
San Felipe de Puerto Plata	Gregorio Luperón International Airport	POP	Dominican Republic	Americas
Santiago de los Caballeros	Cibao International Airport	STI	Dominican Republic	Americas
Santo Domingo	Las Américas International Airport	SDQ	Dominican Republic	Americas
Grenada	Maurice Bishop International Airport	GND	Grenada	Americas
Pointe-à-Pitre	Pôle Caraïbes International Airport	PTP	Guadeloupe	Americas
Cap-Haïtien	Hugo Chávez International Airport	CAP	Haiti	Americas
Port-au-Prince	Toussaint Louverture International Airport	PAP	Haiti	Americas
Kingston	Norman Manley International Airport	KIN	Jamaica	Americas
Montego Bay	Sangster International Airport	MBJ	Jamaica	Americas
Fort-de-France	Martinique Aimé Césaire International Airport	FDF	Martinique	Americas
Brades	John A. Osborne Airport	MNI	Montserrat	Americas
Kralendijk	Flamingo International Airport	BON	Netherlands Antilles	Americas
Oranjestad, Aruba	Queen Beatrix International Airport	AUA	Netherlands Antilles	Americas
Philipsburg, Sint Maarten	Princess Juliana International Airport	SXM	Netherlands Antilles	Americas
Willemstad	Hato International Airport	CUR	Netherlands Antilles	Americas
Aguadilla	Rafael Hernández Airport	BQN	Puerto Rico	Americas
San Juan	Luis Muñoz Marín International Airport	SJU	Puerto Rico	Americas
St. Jean	Gustaf III Airport	SBH	Saint Barthélemy	Americas
Saint Kitts	Robert L. Bradshaw International Airport	SKB	Saint Kitts and Nevis	Americas
Vieux Fort Quarter	Hewanorra International Airport	UVF	Saint Lucia	Americas
Kingstown	Argyle International Airport	SVD	Saint Vincent and the Grenadines	Americas
Canouan	Canouan Airport	CIW	Saint Vincent and the Grenadines	Americas
Port of Spain	Piarco International Airport	POS	Trinidad and Tobago	Americas
Tobago	Arthur Napoleon Raymond Robinson International Airport (formerly Crown Point International Airport)	TAB	Trinidad and Tobago	Americas
Providenciales	Providenciales Airport	PLS	Turks and Caicos Islands	Americas
Saint Thomas	Cyril E. King Airport	STT	US Virgin Islands	Americas
Saint Croix	Henry E. Rohlsen Airport	STX	US Virgin Islands	Americas
Belize City	Philip S. W. Goldson International Airport	BZE	Belize	Americas
Liberia	Daniel Oduber Quirós International Airport	LIR	Costa Rica	Americas
San José de Costa Rica	Juan Santamaría International Airport	SJO	Costa Rica	Americas
San Salvador	Monseñor Óscar Arnulfo Romero International Airport	SAL	El Salvador	Americas
Flores	Mundo Maya International Airport	FRS	Guatemala	Americas
Guatemala City	La Aurora International Airport	GUA	Guatemala	Americas
La Ceiba	Golosón International Airport	LCE	Honduras	Americas
Roatán	Juan Manuel Gálvez International Airport	RTB	Honduras	Americas
San Pedro Sula	Ramón Villeda Morales International Airport	SAP	Honduras	Americas
Tegucigalpa	Toncontin International Airport	TGU	Honduras	Americas
Managua	Augusto C. Sandino International Airport	MGA	Nicaragua	Americas
Bluefields	Bluefields Airport	BEF	Nicaragua	Americas
Corn Island	Corn Island Airport	RNI	Nicaragua	Americas
Puerto Cabezas	Puerto Cabezas Airport	PUZ	Nicaragua	Americas
Bocas del Toro	Bocas del Toro "Isla Colón" International Airport	BOC	Panama	Americas
David, Chiriquí	Enrique Malek International Airport	DAV	Panama	Americas
Panama City	Tocumen International Airport	PTY	Panama	Americas
St. George's, Bermuda	L.F. Wade International Airport	BDA	Bermuda	Americas
Calgary	Calgary International Airport	YYC	Canada	Americas
Edmonton	Edmonton International Airport	YEG	Canada	Americas
Gander	Gander International Airport	YQX	Canada	Americas
Halifax	Halifax Stanfield International Airport	YHZ	Canada	Americas
Hamilton	John C. Munro Hamilton International Airport	YHM	Canada	Americas
Iqaluit	Iqaluit Airport	YFB	Canada	Americas
Kelowna	Kelowna International Airport	YLW	Canada	Americas
Moncton	Greater Moncton International Airport	YQM	Canada	Americas
Montreal	Montreal-Mirabel International Airport	YMX	Canada	Americas
Montreal	Montreal-Pierre Elliott Trudeau International Airport	YUL	Canada	Americas
Ottawa	Ottawa Macdonald-Cartier International Airport	YOW	Canada	Americas
Quebec City	Quebec/Jean Lesage International Airport	YQB	Canada	Americas
Regina	Regina International Airport	YQR	Canada	Americas
Saskatoon	Saskatoon John G. Diefenbaker International Airport	YXE	Canada	Americas
St. John's	St. John's International Airport	YYT	Canada	Americas
Thunder Bay	Thunder Bay International Airport	YQT	Canada	Americas
Toronto (Toronto island)	Billy Bishop Toronto City Airport	YTZ	Canada	Americas
Toronto (Mississauga)	Toronto Pearson International Airport	YYZ	Canada	Americas
Vancouver	Vancouver International Airport	YVR	Canada	Americas
Victoria	Victoria International Airport	YYJ	Canada	Americas
Whitehorse	Erik Nielsen Whitehorse International Airport	YXY	Canada	Americas
Winnipeg	Winnipeg James Armstrong Richardson International Airport	YWG	Canada	Americas
Kangerlussuaq	Kangerlussuaq Airport	SFJ	Greenland	Americas
Nuuk	Nuuk Airport	GOH	Greenland	Americas
Ilulissat	Ilulissat Airport	JAV	Greenland	Americas
Narsarsuaq	Narsarsuaq Airport	UAK	Greenland	Americas
Acapulco	General Juan N. Alvarez International Airport	ACA	Mexico	Americas
Aguascalientes	Lic. Jesús Terán Peredo International Airport	AGU	Mexico	Americas
Cancún	Cancun International Airport	CUN	Mexico	Americas
Chihuahua	Roberto Fierro Villalobos International Airport	CUU	Mexico	Americas
Ciudad del Carmen	Ciudad del Carmen International Airport	CME	Mexico	Americas
Cozumel	Cozumel International Airport	CZM	Mexico	Americas
Culiacán	Federal de Bachigualato International Airport	CUL	Mexico	Americas
Durango	General Guadalupe Victoria International Airport	DGO	Mexico	Americas
Guadalajara	Don Miguel Hidalgo y Costilla International Airport	GDL	Mexico	Americas
Hermosillo	Hermosillo International Airport	HMO	Mexico	Americas
Huatulco	Bahías de Huatulco International Airport	HUX	Mexico	Americas
Ixtapa	Ixtapa-Zihuatanejo International Airport	ZIH	Mexico	Americas
León	Del Bajío International Airport	BJX	Mexico	Americas
Loreto	Loreto International Airport	LTO	Mexico	Americas
Los Cabos	Los Cabos International Airport	SJD	Mexico	Americas
Manzanillo	Playa de Oro International Airport	ZLO	Mexico	Americas
Mazatlán	General Rafael Buelna International Airport	MZT	Mexico	Americas
Mérida	Manuel Crescencio Rejón International Airport	MID	Mexico	Americas
Mexico City	Mexico City International Airport	MEX	Mexico	Americas
Monterrey	General Mariano Escobedo International Airport	MTY	Mexico	Americas
Morelia	General Francisco J. Mujica International Airport	MLM	Mexico	Americas
Oaxaca	Xoxocotlán International Airport	OAX	Mexico	Americas
Puebla	Hermanos Serdán International Airport	PBC	Mexico	Americas
Puerto Vallarta	Lic. Gustavo Díaz Ordaz International Airport	PVR	Mexico	Americas
Querétaro	Querétaro Intercontinental Airport	QRO	Mexico	Americas
Saltillo	Plan de Guadalupe International Airport	SLW	Mexico	Americas
San Luis Potosí	Ponciano Arriaga International Airport	SLP	Mexico	Americas
Tampico	General Francisco Javier Mina International Airport	TAM	Mexico	Americas
Tijuana	Gral. Abelardo L. Rodríguez International Airport	TIJ	Mexico	Americas
Toluca	Lic. Adolfo López Mateos International Airport	TLC	Mexico	Americas
Torreón	Francisco Sarabia International Airport	TRC	Mexico	Americas
Tuxtla Gutierrez	Angel Albino Corzo International Airport	TGZ	Mexico	Americas
Uruapan	Uruapan International Airport	UPN	Mexico	Americas
Veracruz	General Heriberto Jara International Airport	VER	Mexico	Americas
Villahermosa	Carlos Rovirosa Pérez International Airport	VSA	Mexico	Americas
Zacatecas	General Leobardo C. Ruiz International Airport	ZCL	Mexico	Americas
Akron	Akron–Canton Airport	CAK	United States	Americas
Akron	Akron Fulton International Airport	AKC	United States	Americas
Albany	Albany International Airport	ALB	United States	Americas
Albuquerque	Albuquerque International Sunport	ABQ	United States	Americas
Anchorage	Ted Stevens Anchorage International Airport	ANC	United States	Americas
Appleton	Appleton International Airport	ATW	United States	Americas
Atlanta	Hartsfield-Jackson Atlanta International Airport	ATL	United States	Americas
Atlantic City	Atlantic City International Airport	ACY	United States	Americas
Austin	Austin-Bergstrom International Airport	AUS	United States	Americas
Baltimore	Baltimore-Washington International Thurgood Marshall Airport	BWI	United States	Americas
Bangor	Bangor International Airport	BGR	United States	Americas
Birmingham	Birmingham-Shuttlesworth International Airport	BHM	United States	Americas
Boston	Logan International Airport	BOS	United States	Americas
Buffalo	Buffalo Niagara International Airport	BUF	United States	Americas
Charlotte	Charlotte/Douglas International Airport	CLT	United States	Americas
Charleston (SC)	Charleston International Airport	CHS	United States	Americas
Chicago	Chicago Midway International Airport	MDW	United States	Americas
Chicago	Chicago Rockford International Airport	RFD	United States	Americas
Chicago	O'Hare International Airport	ORD	United States	Americas
Cincinnati	Cincinnati/Northern Kentucky International Airport	CVG	United States	Americas
Cleveland	Cleveland Hopkins International Airport	CLE	United States	Americas
Columbus (OH)	Port Columbus International Airport	CMH	United States	Americas
Columbus (OH)	Rickenbacker International Airport	LCK	United States	Americas
Dallas	Dallas/Fort Worth International Airport	DFW	United States	Americas
Dayton (OH)	Dayton International Airport	DAY	United States	Americas
Denver	Denver International Airport	DEN	United States	Americas
Des Moines (IA)	Des Moines International Airport	DSM	United States	Americas
Detroit	Detroit Metropolitan Wayne County Airport	DTW	United States	Americas
Fairbanks	Fairbanks International Airport	FAI	United States	Americas
Fort Lauderdale	Fort Lauderdale-Hollywood International Airport	FLL	United States	Americas
Fort Myers	Southwest Florida International Airport	RSW	United States	Americas
Fresno	Fresno Yosemite International Airport	FAT	United States	Americas
Hartford	Bradley International Airport	BDL	United States	Americas
Hilo	Hilo International Airport	ITO	United States	Americas
Honolulu	Honolulu International Airport	HNL	United States	Americas
Houston	George Bush Intercontinental Airport	IAH	United States	Americas
Houston	William P. Hobby Airport	HOU	United States	Americas
Huntsville (AL)	Huntsville International Airport	HSV	United States	Americas
Indianapolis	Indianapolis International Airport	IND	United States	Americas
Jacksonville	Jacksonville International Airport	JAX	United States	Americas
Juneau	Juneau International Airport	JNU	United States	Americas
Kansas City	Kansas City International Airport	MCI	United States	Americas
Ketchikan	Ketchikan International Airport	KTN	United States	Americas
Key West	Key West International Airport	EYW	United States	Americas
Kona	Kona International Airport	KOA	United States	Americas
Lansing	Capital Region International Airport	LAN	United States	Americas
Las Vegas	McCarran International Airport	LAS	United States	Americas
Los Angeles	Los Angeles International Airport	LAX	United States	Americas
Louisville	Louisville International Airport	SDF	United States	Americas
Melbourne (FL)	Melbourne International Airport	MLB	United States	Americas
Memphis	Memphis International Airport	MEM	United States	Americas
Miami	Miami International Airport	MIA	United States	Americas
Milwaukee	General Mitchell International Airport	MKE	United States	Americas
Minneapolis/St. Paul	Minneapolis-Saint Paul International Airport	MSP	United States	Americas
Myrtle Beach	Myrtle Beach International Airport	MYR	United States	Americas
Nashville	Nashville International Airport	BNA	United States	Americas
New Orleans	Louis Armstrong New Orleans International Airport	MSY	United States	Americas
New York City	John F. Kennedy International Airport	JFK	United States	Americas
New York City	LaGuardia Airport	LGA	United States	Americas
Newark	Newark Liberty International Airport	EWR	United States	Americas
Newburgh	Stewart International Airport	SWF	United States	Americas
Oakland	Metropolitan Oakland International Airport	OAK	United States	Americas
Omaha	Eppley Airfield	OMA	United States	Americas
Ontario	Ontario International Airport	ONT	United States	Americas
Orange County	John Wayne Airport	SNA	United States	Americas
Orlando	Orlando International Airport	MCO	United States	Americas
Orlando/Sanford	Orlando Sanford International Airport	SFB	United States	Americas
Palm Springs	Palm Springs International Airport	PSP	United States	Americas
Panama City Beach	Northwest Florida Beaches International Airport	ECP	United States	Americas
Philadelphia	Philadelphia International Airport	PHL	United States	Americas
Phoenix	Phoenix Sky Harbor International Airport	PHX	United States	Americas
Pittsburgh	Pittsburgh International Airport	PIT	United States	Americas
Portland (ME)	Portland International Jetport	PWM	United States	Americas
Portland (OR)	Portland International Airport	PDX	United States	Americas
Providence	T.F. Green Airport	PVD	United States	Americas
Raleigh/Durham	Raleigh-Durham International Airport	RDU	United States	Americas
Reno	Reno-Tahoe International Airport	RNO	United States	Americas
Rochester (NY)	Greater Rochester International Airport	ROC	United States	Americas
Sacramento	Sacramento International Airport	SMF	United States	Americas
Salt Lake City	Salt Lake City International Airport	SLC	United States	Americas
San Antonio	San Antonio International Airport	SAT	United States	Americas
San Bernardino	San Bernardino International Airport	SBD	United States	Americas
San Diego	San Diego International Airport	SAN	United States	Americas
San Francisco	San Francisco International Airport	SFO	United States	Americas
San Jose (CA)	San Jose International Airport	SJC	United States	Americas
San Juan	Luis Munoz Marin International Airport	SJU	United States	Americas
Sarasota/Bradenton	Sarasota-Bradenton International Airport	SRQ	United States	Americas
Seattle	Kenmore Air Harbor Seaplane Base	LKE	United States	Americas
Seattle	King County International Airport	BFI	United States	Americas
Seattle	Seattle-Tacoma International Airport	SEA	United States	Americas
Snohomish County (WA)	Paine Field	PAE	United States	Americas
Spokane	Spokane International Airport	GEG	United States	Americas
St. Louis	Lambert-Saint Louis International Airport	STL	United States	Americas
St. Petersburg (FL)	St. Petersburg-Clearwater International Airport	PIE	United States	Americas
Syracuse	Syracuse Hancock International Airport	SYR	United States	Americas
Tallahassee	Tallahassee International Airport	TLH	United States	Americas
Tampa	Tampa International Airport	TPA	United States	Americas
Washington, D.C.	Ronald Reagan Washington National Airport**	DCA	United States	Americas
Washington D.C.	Washington Dulles International Airport	IAD	United States	Americas
West Palm Beach	Palm Beach International Airport	PBI	United States	Americas
Buenos Aires	Ministro Pistarini International Airport	EZE	Argentina	Americas
Buenos Aires	Aeroparque Jorge Newbery	AEP	Argentina	Americas
Córdoba	Ingeniero Ambrosio L.V. Taravella International Airport	COR	Argentina	Americas
Mendoza	Governor Francisco Gabrielli International Airport	MDZ	Argentina	Americas
Puerto Iguazú	Cataratas del Iguazú International Airport	IGR	Argentina	Americas
Resistencia	Resistencia International Airport	RES	Argentina	Americas
Río Gallegos	Piloto Civil N. Fernández International Airport	RGL	Argentina	Americas
San Carlos de Bariloche	Teniente Luis Candelaria International Airport	BRC	Argentina	Americas
Ushuaia	Ushuaia International Airport	USH	Argentina	Americas
La Paz	El Alto International Airport	LPB	Bolivia	Americas
Santa Cruz de la Sierra	Viru Viru International Airport	VVI	Bolivia	Americas
Aracaju	Santa Maria Airport	AJU	Brazil	Americas
Belém	Val de Cães International Airport	BEL	Brazil	Americas
Belo Horizonte	Tancredo Neves International Airport	CNF	Brazil	Americas
Campinas	Viracopos International Airport	VCP	Brazil	Americas
Campo Grande	Campo Grande International Airport	CGR	Brazil	Americas
Cuiabá	Marechal Rondon International Airport	CGB	Brazil	Americas
Curitiba	Afonso Pena International Airport	CWB	Brazil	Americas
Florianópolis	Hercílio Luz International Airport	FLN	Brazil	Americas
Fortaleza	Pinto Martins International Airport	FOR	Brazil	Americas
Goiânia	Santa Genoveva Airport	GYN	Brazil	Americas
João Pessoa	Presidente Castro Pinto International Airport	JPA	Brazil	Americas
Maceió	Zumbi dos Palmares International Airport	MCZ	Brazil	Americas
Manaus	Eduardo Gomes International Airport	MAO	Brazil	Americas
Petrolina	Senador Nilo Coelho Airport	PNZ	Brazil	Americas
Porto Alegre	Salgado Filho International Airport	POA	Brazil	Americas
Porto Velho	Governador Jorge Teixeira de Oliveira International Airport	PVH	Brazil	Americas
Recife	Guararapes International Airport	REC	Brazil	Americas
Rio de Janeiro	Rio de Janeiro-Galeão International Airport	GIG	Brazil	Americas
Salvador	Deputado Luís Eduardo Magalhães International Airport	SSA	Brazil	Americas
São Luís	Marechal Cunha Machado International Airport	SLZ	Brazil	Americas
São Paulo	São Paulo-Guarulhos International Airport	GRU	Brazil	Americas
São Paulo	Congonhas Airport	CGH	Brazil	Americas
Vitória	Eurico de Aguiar Salles Airport	VIX	Brazil	Americas
Antofagasta	Cerro Moreno International Airport	ANF	Chile	Americas
Easter Island	Mataveri International Airport	IPC	Chile	Americas
Concepción	Carriel Sur International Airport	CCP	Chile	Americas
Puerto Montt	El Tepual International Airport	PMC	Chile	Americas
Punta Arenas	Presidente Carlos Ibáñez del Campo International Airport	PUQ	Chile	Americas
Santiago de Chile	Comodoro Arturo Merino Benítez International Airport	SCL	Chile	Americas
Armenia	El Edén International Airport	AXM	Colombia	Americas
Barranquilla	Ernesto Cortissoz International Airport	BAQ	Colombia	Americas
Bogotá	El Dorado International Airport	BOG	Colombia	Americas
Bucaramanga	Palonegro International Airport	BGA	Colombia	Americas
Cali	Alfonso Bonilla Aragon International Airport	CLO	Colombia	Americas
Cartagena de Indias	Rafael Núñez International Airport	CTG	Colombia	Americas
Cúcuta	Camilo Daza International Airport	CUC	Colombia	Americas
Leticia	Alfredo Vásquez Cobo International Airport	LET	Colombia	Americas
Medellín	José María Córdova International Airport	MDE	Colombia	Americas
Pereira	Matecaña International Airport	PEI	Colombia	Americas
San Andrés	Gustavo Rojas Pinilla International Airport	ADZ	Colombia	Americas
Santa Marta	Simón Bolívar International Airport	SMR	Colombia	Americas
Cuenca	Mariscal Lamar International Airport	CUE	Ecuador	Americas
Esmeraldas	Carlos Concha Torres International Airport	ESM	Ecuador	Americas
Guayaquil	José Joaquín de Olmedo International Airport	GYE	Ecuador	Americas
Machala	Santa Rosa International Airport	ETR	Ecuador	Americas
Manta	Eloy Alfaro International Airport	MEC	Ecuador	Americas
Quito	Mariscal Sucre International Airport	UIO	Ecuador	Americas
Tulcán	Teniente Coronel Luis a Mantilla International Airport	TUA	Ecuador	Americas
Mount Pleasant	RAF Mount Pleasant	MPN	Falkland Islands	Americas
Cayenne	Cayenne-Rochambeau Airport	CAY	French Guiana	Americas
Georgetown	Cheddi Jagan International Airport	GEO	Guyana	Americas
Asunción	Silvio Pettirossi International Airport	ASU	Paraguay	Americas
Ciudad del Este	Guaraní International Airport	AGT	Paraguay	Americas
Arequipa	Rodríguez Ballón International Airport	AQP	Peru	Americas
Cusco	Alejandro Velasco Astete International Airport	CUZ	Peru	Americas
Lima	Jorge Chávez International Airport	LIM	Peru	Americas
Paramaribo	Johan Adolf Pengel International Airport	PBM	Suriname	Americas
Montevideo	Carrasco International Airport	MVD	Uruguay	Americas
Punta del Este	Capitan Corbeta CA Curbelo International Airport	PDP	Uruguay	Americas
Caracas	Simón Bolívar International Airport	CCS	Venezuela	Americas
Maracaibo	La Chinita International Airport	MAR	Venezuela	Americas
Valencia	Arturo Michelena International Airport	VLN	Venezuela	Americas
Aktau	Aktau Airport	SCO	Kazakhstan	Asia
Almaty	Almaty International Airport	ALA	Kazakhstan	Asia
Astana	Astana International Airport	TSE	Kazakhstan	Asia
Atyrau	Atyrau Airport	GUW	Kazakhstan	Asia
Karaganda	Karaganda Airport	KGF	Kazakhstan	Asia
Kostanay	Kostanay Airport	KSN	Kazakhstan	Asia
Shymkent	Shymkent Airport	CIT	Kazakhstan	Asia
Oral	Oral Ak Zhol Airport	URA	Kazakhstan	Asia
Bishkek	Manas Airport	FRU	Kyrgyzstan	Asia
Osh	Osh Airport	OSS	Kyrgyzstan	Asia
Dushanbe	Dushanbe Airport	DYU	Tajikistan	Asia
Khujand	Khujand Airport	LBD	Tajikistan	Asia
Ashgabat	Ashgabat Airport	ASB	Turkmenistan	Asia
Mary	Mary International Airport	MYP	Turkmenistan	Asia
Turkmenbashi	Turkmenbashi International Airport	KRW	Turkmenistan	Asia
Namangan	Namangan Airport	NMA	Uzbekistan	Asia
Tashkent	Tashkent International Airport	TAS	Uzbekistan	Asia
Pyongyang	Pyongyang Sunan International Airport	FNJ	North Korea	Asia
Akita	Akita Airport	AXT	Japan	Asia
Aomori	Aomori Airport	AOJ	Japan	Asia
Fukuoka	Fukuoka Airport	FUK	Japan	Asia
Hakodate	Hakodate Airport	HKD	Japan	Asia
Kagoshima	Kagoshima Airport	KOJ	Japan	Asia
Komatsu	Komatsu Airport	KMQ	Japan	Asia
Hiroshima	Hiroshima Airport	HIJ	Japan	Asia
Kitakyushu	New Kitakyushu Airport	KKJ	Japan	Asia
Nagasaki	Nagasaki Airport	NGS	Japan	Asia
Nagoya	Chubu Centrair International Airport	NGO	Japan	Asia
Niigata	Niigata Airport	KIJ	Japan	Asia
Oita	Oita Airport	OIT	Japan	Asia
Okayama	Okayama Airport	OKJ	Japan	Asia
Osaka	Kansai International Airport	KIX	Japan	Asia
Sapporo	New Chitose Airport	CTS	Japan	Asia
Sendai	Sendai Airport	SDJ	Japan	Asia
Shizuoka	Shizuoka Airport	FSZ	Japan	Asia
Tōkyō\Yokohama	Haneda International Airport	HND	Japan	Asia
Tōkyō\Yokohama	Narita International Airport	NRT	Japan	Asia
Ulan Bator	Chinggis Khaan International Airport	ULN	Mongolia	Asia
Beihai	Beihai Fucheng Airport	BHY	China	Asia
Beijing	Beijing Capital International Airport	PEK	China	Asia
Beijing	Beijing Nanyuan Airport	NAY	China	Asia
Changchun	Changchun Longjia International Airport	CGQ	China	Asia
Changsha	Changsha Huanghua International Airport	CSX	China	Asia
Changzhou	Changzhou Benniu Airport	CZX	China	Asia
Chengdu	Chengdu Shuangliu International Airport	CTU	China	Asia
Chongqing	Chongqing Jiangbei International Airport	CKG	China	Asia
Dandong	Dandong Langtou Airport	DDG	China	Asia
Dalian	Dalian Zhoushuizi International Airport	DLC	China	Asia
Dunhuang	Dunhuang Airport	DNH	China	Asia
Fuzhou	Fuzhou Changle International Airport	FOC	China	Asia
Guangzhou	Guangzhou Baiyun International Airport	CAN	China	Asia
Guilin	Guilin Liangjiang International Airport	KWL	China	Asia
Guiyang	Guiyang Longdongbao Airport	KWE	China	Asia
Haikou	Haikou Meilan International Airport	HAK	China	Asia
Hangzhou	Hangzhou Xiaoshan International Airport	HGH	China	Asia
Harbin	Harbin Taiping International Airport	HRB	China	Asia
Hefei	Hefei Xinqiao International Airport	HFE	China	Asia
Huizhou	Huizhou Pingtan Airport	HUZ	China	Asia
Jieyang	Jieyang Chaoshan International Airport	SWA	China	Asia
Jinan	Jinan Yaoqiang International Airport	TNA	China	Asia
Kunming	Kunming Changshui International Airport	KMG	China	Asia
Lanzhou	Lanzhou Zhongchuan International Airport	LHW	China	Asia
Lhasa	Lhasa Gonggar Airport	LXA	China	Asia
Liuzhou	Liuzhou Bailian Airport	LZH	China	Asia
Luoyang	Luoyang Beijiao Airport	LYA	China	Asia
Mianyang	Mianyang Nanjiao Airport	MIG	China	Asia
Mudanjiang	Mudanjiang Airport	MDG	China	Asia
Nanchang	Nanchang Changbei International Airport	KHN	China	Asia
Nanjing	Nanjing Lukou International Airport	NKG	China	Asia
Nanning	Nanning Wuxu International Airport	NNG	China	Asia
Nantong	Nantong Xingdong Airport	NTG	China	Asia
Ningbo	Ningbo Lishe International Airport	NGB	China	Asia
Qingdao	Qingdao liuting International Airport	TAO	China	Asia
Quanzhou	Quanzhou Jinjiang International Airport	JJN	China	Asia
Sanya	Sanya Phoenix International Airport	SYX	China	Asia
Shanghai	Shanghai Hongqiao International Airport	SHA	China	Asia
Shanghai	Shanghai Pudong International Airport	PVG	China	Asia
Shenyang	Shenyang Taoxian International Airport	SHE	China	Asia
Shenzhen	Shenzhen Bao'an International Airport	SZX	China	Asia
Shijiazhuang	Shijiazhuang Zhengding International Airport	SJW	China	Asia
Wuxi	Sunan Shuofang International Airport	WUX	China	Asia
Taiyuan	Taiyuan Wusu International Airport	TYN	China	Asia
Tianjin	Tianjin Binhai International Airport	TSN	China	Asia
Tianshui	Tianshui Airport	THQ	China	Asia
Ürümqi	Ürümqi Diwopu International Airport	URC	China	Asia
Weihai	Weihai International Airport	WEH	China	Asia
Wenzhou	Wenzhou Yongqiang Airport	WNZ	China	Asia
Wuhan	Wuhan Tianhe International Airport	WUH	China	Asia
Xiamen	Xiamen Gaoqi International Airport	XMN	China	Asia
Xi'an	Xi'an Xianyang International Airport	XIY	China	Asia
Xiangyang	Xiangyang Airport	XFN	China	Asia
Xining	Xining Caojiabao Airport	XNN	China	Asia
Xichang	Xichang Qingshan Airport	XIC	China	Asia
Xuzhou	Xuzhou Guanyin Airport	XUZ	China	Asia
Yancheng	Yancheng Nanyang Airport	YNZ	China	Asia
Yanji	Yanji Airport	YNJ	China	Asia
Yantai	Yantai Penglai International Airport	YNT	China	Asia
Yinchuan	Yinchuan Hedong International Airport	INC	China	Asia
Zhangjiajie	Zhangjiajie Hehua Airport	DYG	China	Asia
Zhangye	Zhangye Ganzhou Airport	YZY	China	Asia
Zhengzhou	Zhengzhou Xinzheng International Airport	CGO	China	Asia
Zhoushan	Zhoushan Putuoshan Airport	HSN	China	Asia
Zhuhai	Zhuhai Jinwan Airport	ZUH	China	Asia
Hong Kong	Hong Kong International Airport	HKG	Hong Kong	Asia
Macau	Macau International Airport	MFM	Macau	Asia
Kaohsiung	Kaohsiung International Airport	KHH	Taiwan	Asia
Taichung	Taichung International Airport	RMQ	Taiwan	Asia
Taipei	Taipei Songshan Airport	TSA	Taiwan	Asia
Taoyuan	Taiwan Taoyuan International Airport	TPE	Taiwan	Asia
Busan	Gimhae International Airport	PUS	South Korea	Asia
Daegu	Daegu Airport	TAE	South Korea	Asia
Jeju	Jeju International Airport	CJU	South Korea	Asia
Seoul	Gimpo International Airport	GMP	South Korea	Asia
Incheon	Incheon International Airport	ICN	South Korea	Asia
Cheongju	Cheongju International Airport	CJJ	South Korea	Asia
Muan	Muan International Airport	MWX	South Korea	Asia
Yangyang	Yangyang International Airport	YNY	South Korea	Asia
Chittagong	Shah Amanat International Airport	CGP	Bangladesh	Asia
Dhaka	Hazrat Shahjalal International Airport	DAC	Bangladesh	Asia
Sylhet	Osmani International Airport	ZYL	Bangladesh	Asia
Paro	Paro Airport	PBH	Bhutan	Asia
Andaman & Nicobar Islands	Veer Savarkar International Airport	IXZ	India	Asia
Ahmedabad	Sardar Vallabhbhai Patel International Airport	AMD	India	Asia
Amritsar	Sri Guru Ram Dass Jee International Airport	ATQ	India	Asia
Agatti	Agatti Airport	AGX	India	Asia
Aizawl	Lengpui Airport	AJL	India	Asia
Along	Along Airport	IXV	India	Asia
Aranmula	Aranmula International Airport	AML	India	Asia
Bangalore	Kempegowda International Airport	BLR	India	Asia
Bhopal	Raja Bhoj International Airport	BHO	India	Asia
Bhubaneswar	Biju Patnaik International Airport	BBI	India	Asia
Chandigarh	Chandigarh International Airport	IXC	India	Asia
Chennai	Chennai International Airport	MAA	India	Asia
Chennai	New Chennai International Airport	NMA	India	Asia
Cochin	Cochin International Airport	COK	India	Asia
Coimbatore	Coimbatore International Airport	CJB	India	Asia
Daman	Daman Airport	NMA	India	Asia
Dimapur	Dimapur Airport	DMU	India	Asia
Delhi	Indira Gandhi International Airport	DEL	India	Asia
Dehradun	Jolly Grant Airport	DED	India	Asia
Dholera	Dholera International Airport	DHR	India	Asia
Faizabad	Ram Lala International Airport	FZD	India	Asia
Gangtok	Pakyong Airport	PAS	India	Asia
Gurgaon	Karnal Airport	KBS	India	Asia
Goa	Goa International Airport	GOI	India	Asia
Goa	Mopa Airport	MGI	India	Asia
Gaya	Gaya International Airport	GAY	India	Asia
Guwahati	Lokpriya Gopinath Bordoloi International Airport	GAU	India	Asia
Hyderabad	Rajiv Gandhi International Airport	HYD	India	Asia
Imphal	Imphal International Airport	IMF	India	Asia
Indore	Devi Ahilya Bai Holkar International Airport	IXR	India	Asia
Jaipur	Jaipur International Airport	JAI	India	Asia
Kannur	Kannur International Airport	CNN	India	Asia
Kolkata	Netaji Subhash Chandra Bose International Airport	CCU	India	Asia
Kozhikode	Calicut International Airport	CCJ	India	Asia
Kottayam	Sabarigiri International Airport	SIA	India	Asia
Kullu	Kullu Manali International Airport	KTM	India	Asia
Kusinagar	Gautama Buddha International Airport	KNR	India	Asia
Lucknow	Chaudhary Charan Singh International Airport	LKO	India	Asia
Madurai	Madurai International Airport	IXM	India	Asia
Mathura	Mathura International Airport	MAR	India	Asia
Mangalore	Mangalore International Airport	IXE	India	Asia
Mumbai	Chhatrapati Shivaji International Airport	BOM	India	Asia
Mysore	Mysore International Airport	MLE	India	Asia
Noida	Taj International Airport	NTA	India	Asia
Nagpur	Dr. Babasaheb Ambedkar International Airport	NAG	India	Asia
Navi Mumbai	Navi Mumbai International Airport	NMA	India	Asia
Kanpur	Captain Lakshmi Sehgal International Airport	KPR	India	Asia
Port Blair	Veer Savarkar International Airport	IXZ	India	Asia
Patna	Jay Prakash Narayan International Airport	PAT	India	Asia
Pasighat	Tong Airport	IXZ	India	Asia
Pune	Pune International Airport	PNQ	India	Asia
Pune	Chhatrapati Sambhaji Raje International Airport	CRA\NPQ	India	Asia
Raipur	Swami Vivekananda Airport	RPR	India	Asia
Ranchi	Birsa Munda Airport	IXR	India	Asia
Siliguri	Bagdogra International Airport	IXB	India	Asia
Shillong	Shillong Airport	SHL	India	Asia
Shimla	Shimla Airport	SLV	India	Asia
Srinagar	Srinagar Airport	SXR	India	Asia
Trichy	Tiruchirappalli International Airport	TRZ	India	Asia
Tirupati	Tirupati Airport	TIR	India	Asia
Trivandrum	Trivandrum International Airport	TRV	India	Asia
Varanasi	Lal Bahadur Shastri International Airport	VNS	India	Asia
Vijayawada	Nandamuri Taraka Rama Rao-Amaravati International Airport	VGA	India	Asia
Visakhapatnam	Visakhapatnam Airport	VTZ	India	Asia
Visakhapatnam	Bhogapuram Airport	VSA	India	Asia
Vadodara	Vadodara Airport	BDQ	India	Asia
Hulhule Island	Velana International Airport	MLE	Maldives	Asia
Addu City	Gan International Airport	GAN	Maldives	Asia
Kathmandu	Tribhuvan International Airport	KTM	Nepal	Asia
Siddharthanagar	Gautam Buddha Airport	BWA	Nepal	Asia
Bahawalpur	Bahawalpur Airport	BHV	Pakistan	Asia
Dera Ghazi Khan	Dera Ghazi Khan International Airport	DEA	Pakistan	Asia
Faisalabad	Faisalabad International Airport	LYP	Pakistan	Asia
Gwadar	Gwadar International Airport	GWD	Pakistan	Asia
Islamabad	Benazir Bhutto International Airport	ISB	Pakistan	Asia
Karachi	Jinnah International Airport	KHI	Pakistan	Asia
Lahore	Allama Iqbal International Airport	LHE	Pakistan	Asia
Multan	Multan International Airport	MUX	Pakistan	Asia
Peshawar	Bacha Khan International Airport	PEW	Pakistan	Asia
Quetta	Quetta International Airport	UET	Pakistan	Asia
Rahim Yar Khan	Shaikh Zayed International Airport	RYK	Pakistan	Asia
Sialkot	Sialkot International Airport	SKT	Pakistan	Asia
Turbat	Turbat International Airport	TUK	Pakistan	Asia
Colombo	Bandaranaike International Airport	CMB	Sri Lanka	Asia
Hambantota	Mattala Rajapaksa International Airport	HRi	Sri Lanka	Asia
Bandar Seri Begawan	Brunei International Airport	BWN	Brunei	Asia
Phnom Penh	Phnom Penh International Airport	PNH	Cambodia	Asia
Siem Reap	Siem Reap-Angkor International Airport	REP	Cambodia	Asia
Sihanoukville	Sihanoukville International Airport	KOS	Cambodia	Asia
Dili	Presidente Nicolau Lobato International Airport	DIL	East Timor	Asia
Makassar	Hasanuddin International Airport	UPG	Indonesia	Asia
Manado	Sam Ratulangi International Airport	MDC	Indonesia	Asia
Mataram	Lombok International Airport	LOP	Indonesia	Asia
Medan	Kuala Namu International Airport	KNO	Indonesia	Asia
Padang	Minangkabau International Airport	PDG	Indonesia	Asia
Palembang	Sultan Mahmud Badaruddin II Airport	PLM	Indonesia	Asia
Pekanbaru	Sultan Syarif Qasim II International Airport	PKU	Indonesia	Asia
Samarinda	Samarinda International Airport	SRI	Indonesia	Asia
Semarang	Achmad Yani International Airport	SRG	Indonesia	Asia
Surabaya	Juanda International Airport	SUB	Indonesia	Asia
Solo	Adisumarmo International Airport	SOC	Indonesia	Asia
Yogyakarta	Adisucipto International Airport	JOG	Indonesia	Asia
Jakarta	Soekarno Hatta International Airport	CGK	Indonesia	Asia
Denpasar	Ngurah Rai International Airport	DPS	Indonesia	Asia
Bandung	Husein Sastranegara International Airport	BDO	Indonesia	Asia
Balikpapan	Sultan Aji Muhammad Sulaiman Airport	BPN	Indonesia	Asia
Ambon	Pattimura Airport	AMQ	Indonesia	Asia
Palangkaraya	Tjilik Riwut Airport	PKY	Indonesia	Asia
Jayapura	Sentani Airport	DJJ	Indonesia	Asia
Banjarmasin	Syamsudin Noor Airport	BDJ	Indonesia	Asia
Kupang	El Tari Airport	KOE	Indonesia	Asia
Palu	Mutiara Airport	PLW	Indonesia	Asia
Kendari	Haluoleo Airport	KDI	Indonesia	Asia
Luang Prabang	Luang Prabang International Airport	LPQ	Laos	Asia
Pakse	Pakse International Airport	PKZ	Laos	Asia
Vientiane	Wattay International Airport	VTE	Laos	Asia
Ipoh	Sultan Azlan Shah Airport	IPH	Malaysia	Asia
Johor Bahru	Senai International Airport	JHB	Malaysia	Asia
Kota Bharu	Sultan Ismail Petra Airport	KBR	Malaysia	Asia
Kota Kinabalu	Kota Kinabalu International Airport	BKI	Malaysia	Asia
Kuala Lumpur	Kuala Lumpur International Airport	KUL	Malaysia	Asia
Kuching	Kuching International Airport	KCH	Malaysia	Asia
Langkawi	Langkawi International Airport	LGK	Malaysia	Asia
Penang	Penang International Airport	PEN	Malaysia	Asia
Subang	Sultan Abdul Aziz Shah Airport	SZB	Malaysia	Asia
Mandalay	Mandalay International Airport	MDL	Myanmar (Burma)	Asia
Yangon	Yangon International Airport	RGN	Myanmar (Burma)	Asia
Naypyidaw	Naypyidaw Airport	NYT	Myanmar (Burma)	Asia
Bacolod	Bacolod–Silay International Airport	BCD	Philippines	Asia
Bicol Region	Bicol International Airport		Philippines	Asia
Cagayan Special Economic Zone	Cagayan North International Airport		Philippines	Asia
Lapu-Lapu, Philippines	Mactan–Cebu International Airport	CEB	Philippines	Asia
Angeles, Philippines	Clark International Airport	CRK	Philippines	Asia
Davao City	Francisco Bangoy International Airport	DVO	Philippines	Asia
General Santos	General Santos International Airport	GES	Philippines	Asia
Iloilo City	Iloilo International Airport	ILO	Philippines	Asia
Kalibo	Kalibo International Airport	KLO	Philippines	Asia
Laoag	Laoag International Airport	LAO	Philippines	Asia
Manila	Ninoy Aquino International Airport	MNL	Philippines	Asia
Panglao Island	Panglao Island International Airport	TAG	Philippines	Asia
Puerto Princesa	Puerto Princesa International Airport	PPS	Philippines	Asia
Olongapo	Subic Bay International Airport	SFS	Philippines	Asia
Zamboanga City	Zamboanga International Airport	ZAM	Philippines	Asia
Singapore	Singapore Changi Airport	SIN	Singapore	Asia
Bangkok	Suvarnabhumi Airport	BKK	Thailand	Asia
Bangkok	Don Mueang International Airport	DMK	Thailand	Asia
Chiang Mai	Chiang Mai International Airport	CNX	Thailand	Asia
Chiang Rai Province	Mae Fah Luang International Airport	CEI	Thailand	Asia
Rayong and Pattaya	U-Tapao International Airport	UTP	Thailand	Asia
Hat Yai	Hat Yai International Airport	HDY	Thailand	Asia
Krabi	Krabi Airport	KBV	Thailand	Asia
Phuket Province	Phuket International Airport	HKT	Thailand	Asia
Surat Thani Province	Surat Thani Airport	URT	Thailand	Asia
Ko Samui	Samui Airport	USM	Thailand	Asia
Udon Thani	Udon Thani International Airport	UTH	Thailand	Asia
Da Nang	Da Nang International Airport	DAD	Vietnam	Asia
Hanoi	Noi Bai International Airport	HAN	Vietnam	Asia
Ho Chi Minh City	Tan Son Nhat International Airport	SGN	Vietnam	Asia
Can Tho	Can Tho International Airport	VCA	Vietnam	Asia
Haiphong	Cat Bi International Airport	HPH	Vietnam	Asia
Huế	Phu Bai International Airport	HUI	Vietnam	Asia
Phu Quoc	Phu Quoc International Airport	PQC	Vietnam	Asia
Khánh Hòa	Cam Ranh International Airport	CXR	Vietnam	Asia
Quảng Nam	Chu Lai International Airport	VCL	Vietnam	Asia
Kabul	Hamid Karzai International Airport	KBL	Afghanistan	Asia
Herat	Herat International Airport	HEA	Afghanistan	Asia
Kandahar	Kandahar International Airport	KDH	Afghanistan	Asia
Mazar-i-Sharif	Mazar-e Sharif International Airport	MZR	Afghanistan	Asia
Manama	Bahrain International Airport	BAH	Bahrain	Asia
Bandar Abbas	Bandar Abbas International Airport	BND	Iran	Asia
Birjand	Birjand International Airport	XBJ	Iran	Asia
Isfahan	Isfahan International Airport	IFN	Iran	Asia
Kish Island	Kish Airport	KIH	Iran	Asia
Mashhad	Mashhad International Airport	MHD	Iran	Asia
Mehrabad	Mehrabad International Airport	THR	Iran	Asia
Qeshm	Dayrestan Airport	GSM	Iran	Asia
Shiraz	Shiraz International Airport	SYZ	Iran	Asia
Tabriz	Tabriz International Airport	TBZ	Iran	Asia
Tehran	Tehran Imam Khomeini International Airport	IKA	Iran	Asia
Al Najaf	Al Najaf International Airport	NJF	Iraq	Asia
Baghdad	Baghdad International Airport	BGW	Iraq	Asia
Basra	Basra International Airport	BSR	Iraq	Asia
Erbil	Erbil International Airport	EBL	Iraq	Asia
Mosul	Mosul International Airport	OSM	Iraq	Asia
Sulaymaniyah	Sulaimaniyah International Airport	ISU	Iraq	Asia
Diyala Governorate	Diyala International Airport		Middle Euphrates International Airport	Asia
Eilat	Ramon Airport (under construction, opening 2017)	ETM	Israel	Asia
Haifa	Haifa Airport	HFA	Israel	Asia
Negev	Ovda International Airport	VDA	Israel	Asia
Greater Tel Aviv	Ben Gurion Airport	TLV	Israel	Asia
Aqaba	King Hussein International Airport	AQJ	Jordan	Asia
Amman	Queen Alia International Airport	AMM	Jordan	Asia
Amman	Amman Civil Airport	ADJ	Jordan	Asia
Kuwait	Kuwait International Airport	KWI	Kuwait	Asia
Beirut	Beirut Rafic Hariri International Airport	BEY	Lebanon	Asia
Muscat	Muscat International Airport	MCT	Oman	Asia
Doha	Hamad International Airport	DOH	Qatar	Asia
Dammam	King Fahd International Airport	DMM	Saudi Arabia	Asia
Jeddah	King Abdulaziz International Airport	JED	Saudi Arabia	Asia
Medina	Prince Mohammad Bin Abdulaziz International Airport	MED	Saudi Arabia	Asia
Riyadh	King Khalid International Airport	RUH	Saudi Arabia	Asia
Aleppo	Aleppo International Airport	ALP	Syria	Asia
Damascus	Damascus International Airport	DAM	Syria	Asia
Latakia	Bassel Al-Assad International Airport	LTK	Syria	Asia
Abu Dhabi	Abu Dhabi International Airport	AUH	United Arab Emirates	Asia
Al Ain	Al Ain International Airport	AAN	United Arab Emirates	Asia
Dubai	Al-Maktoum International Airport	DWC	United Arab Emirates	Asia
Dubai	Dubai International Airport	DXB	United Arab Emirates	Asia
Ras Al Khaimah	Ras Al Khaimah International Airport	RKT	United Arab Emirates	Asia
Sharjah	Sharjah International Airport	SHJ	United Arab Emirates	Asia
Aden	Aden International Airport	ADE	Yemen	Asia
Sana'a	Sana'a International Airport	SAH	Yemen	Asia
Antwerp	Antwerp International Airport	ANR	Belgium	Europe
Brussels	Brussels Airport	BRU	Belgium	Europe
Brussels/Charleroi	Brussels South Charleroi Airport	CRL	Belgium	Europe
Liège	Liège Airport	LGG	Belgium	Europe
Ostend/Bruges	Ostend-Bruges International Airport	OST	Belgium	Europe
Ajaccio	Campo dell'Oro Airport	AJA	France	Europe
Bastia	Poretta Airport	BIA	France	Europe
Beauvais	Beauvais-Tillé Airport	BVA	France	Europe
Bergerac	Bergerac-Roumanière Airport	EGC	France	Europe
Béziers	Béziers Cap d'Agde Airport	BZR	France	Europe
Biarritz	Biarritz Airport	BIQ	France	Europe
Bordeaux	Mérignac Airport	BOD	France	Europe
Brest	Brest Bretagne Airport	BES	France	Europe
Carcassonne	Salvaza Airport	CCF	France	Europe
Châlons-en-Champagne	Châlons Vatry Airport	XCR	France	Europe
Chambéry	Chambéry-Savoie Airport	CMF	France	Europe
Dinard	Pleurtuit Airport	DNR	France	Europe
Figari	Figari Sud-Corse Airport	FSC	France	Europe
Grenoble	Grenoble-Isère Airport	GNB	France	Europe
Ile de Re	Île de Ré Airport	LRH	France	Europe
Lille	Lille Lesquin Airport	LIL	France	Europe
Limoges	Bellegarde Airport	LIG	France	Europe
Lyon	Saint-Exupéry Airport	LYS	France	Europe
Marseille	Provence Airport	MRS	France	Europe
Mulhouse	Basel-Mulhouse-Freiburg Airport	BSL	France	Europe
Nantes	Nantes Atlantique Airport	NTE	France	Europe
Nice	Côte d'Azur Airport	NCE	France	Europe
Nîmes	Garons Airport	FNI	France	Europe
Paris	Charles de Gaulle Airport	CDG	France	Europe
Paris	Orly Airport	ORY	France	Europe
Pau	Uzein Airport	PUF	France	Europe
Perpignan	Llabanère Airport	PGF	France	Europe
Poitiers	Biard Airport	PIS	France	Europe
Rodez	Marcillac Airport	RDZ	France	Europe
Saint Etienne	Bouthéon Airport	EBU	France	Europe
Strasbourg	Strasbourg Airport	SXB	France	Europe
Toulon	Hyères Le Palyvestre Airport	TLN	France	Europe
Toulouse	Blagnac Airport	TLS	France	Europe
Tours	Tours Loire Valley Airport	TUF	France	Europe
Gibraltar	North Front Airport	GIB	Gibraltar	Europe
Guernsey	Guernsey Airport	GCI	Guernsey	Europe
Jersey	Jersey Airport	JER	Jersey	Europe
Cork	Cork Airport	ORK	Ireland	Europe
Dublin	Dublin Airport	DUB	Ireland	Europe
Kerry	Kerry Airport	KIR	Ireland	Europe
Knock	Ireland West Airport Knock	NOC	Ireland	Europe
Shannon	Shannon Airport	SNN	Ireland	Europe
Isle of Man	Isle of Man Airport	IOM	Isle of Man	Europe
Luxembourg City	Findel Airport	LUX	Luxembourg	Europe
Amsterdam	Amsterdam Airport Schiphol	AMS	Netherlands	Europe
Eindhoven	Eindhoven Airport	EIN	Netherlands	Europe
Groningen	Groningen Airport Eelde	GRQ	Netherlands	Europe
Maastricht	Maastricht-Aachen Airport	MST	Netherlands	Europe
Rotterdam	Rotterdam The Hague Airport	RTM	Netherlands	Europe
Beja	Beja Airport	BYJ	Portugal	Europe
Faro	Faro Airport	FAO	Portugal	Europe
Funchal	Madeira Airport	FNC	Portugal	Europe
Porto Santo Island	Porto Santo Airport	PXO	Portugal	Europe
Lisbon	Lisbon Portela Airport	LIS	Portugal	Europe
Porto	Francisco Sá Carneiro Airport	OPO	Portugal	Europe
Ponta Delgada	João Paulo II Airport	PDL	Portugal	Europe
Terceira Island	Terceira Airport	TER	Portugal	Europe
A Coruña	Alvedro Airport	LCG	Spain	Europe
Alicante	Alicante Airport	ALC	Spain	Europe
Almeria	Almería International Airport	LEI	Spain	Europe
Asturias	Asturias Airport	OVD	Spain	Europe
Barcelona	Barcelona Airport	BCN	Spain	Europe
Fuerteventura	Fuerteventura Airport	FUE	Spain	Europe
Girona	Girona-Costa Brava Airport	GRO	Spain	Europe
Gran Canaria	Gran Canaria Airport	LPA	Spain	Europe
Granada	Granada Airport	GRX	Spain	Europe
Huesca	Huesca-Pirineos Airport	HSK	Spain	Europe
Ibiza	Ibiza Airport	IBZ	Spain	Europe
Jerez de la Frontera	Jerez Airport	XRY	Spain	Europe
La Palma	La Palma Airport	SPC	Spain	Europe
Lanzarote	Lanzarote Airport	ACE	Spain	Europe
Lleida	Alguaire Airport	ILD	Spain	Europe
Madrid	Madrid-Barajas Airport	MAD	Spain	Europe
Málaga	Málaga Airport	AGP	Spain	Europe
Menorca	Menorca Airport	MAH	Spain	Europe
Murcia	Murcia-San Javier Airport	MJV	Spain	Europe
Palma de Mallorca	Palma de Mallorca Airport	PMI	Spain	Europe
Reus	Reus Airport	REU	Spain	Europe
Santander	Santander Airport	SDR	Spain	Europe
Santiago de Compostela	Santiago de Compostela Airport	SCQ	Spain	Europe
Seville	Seville Airport	SVQ	Spain	Europe
Tenerife	Tenerife North Airport	TFN	Spain	Europe
Tenerife	Tenerife South Airport	TFS	Spain	Europe
Valencia	Valencia Airport	VLC	Spain	Europe
Valladolid	Valladolid Airport	VLL	Spain	Europe
Zaragoza	Zaragoza Airport	ZAZ	Spain	Europe
Graz	Graz Airport	GRZ	Austria	Europe
Klagenfurt	Klagenfurt Airport	KLU	Austria	Europe
Innsbruck	Innsbruck Airport	INN	Austria	Europe
Linz	Linz Airport	LNZ	Austria	Europe
Salzburg	Salzburg Airport	SZG	Austria	Europe
Vienna	Vienna International Airport	VIE	Austria	Europe
Baden-Baden/Karlsruhe	Karlsruhe/Baden-Baden Airport	FKB	Germany	Europe
Berlin	Berlin Tegel Airport	TXL	Germany	Europe
Berlin	Berlin Schönefeld Airport	SXF	Germany	Europe
Berlin	Berlin Brandenburg Airport (Future)	BER	Germany	Europe
Bremen	Bremen Airport	BRE	Germany	Europe
Cologne/Bonn	Cologne/Bonn Airport	CGN	Germany	Europe
Dortmund	Dortmund Airport	DTM	Germany	Europe
Düsseldorf	Düsseldorf Airport	DUS	Germany	Europe
Frankfurt	Frankfurt Airport	FRA	Germany	Europe
Frankfurt	Frankfurt-Hahn Airport	HHN	Germany	Europe
Freiburg im Breisgau	EuroAirport Basel–Mulhouse–Freiburg	MLH/BSL/EAP	Germany	Europe
Friedrichshafen	Friedrichshafen Airport	FDH	Germany	Europe
Hamburg	Hamburg Airport	HAM	Germany	Europe
Hanover	Langenhagen Airport	HAJ	Germany	Europe
Leipzig	Leipzig/Halle Airport	LEJ	Germany	Europe
Lübeck	Lübeck Airport	LBC	Germany	Europe
Memmingen	Memmingen Airport	FMM	Germany	Europe
Munich	Munich Airport	MUC	Germany	Europe
Nuremberg	Albrecht Dürer Airport	NUE	Germany	Europe
Stuttgart	Stuttgart Airport	STR	Germany	Europe
Weeze	Weeze Airport	NRN	Germany	Europe
Athens	Athens International Airport	ATH	Greece	Europe
Chania	Chania International Airport	CHQ	Greece	Europe
Chios Island	Chios Island National Airport	JKH	Greece	Europe
Corfu	Ioannis Kapodistrias Airport	CFU	Greece	Europe
Heraklion	Heraklion International Airport	HER	Greece	Europe
Kalamata	Kalamata International Airport	KLX	Greece	Europe
Karpathos Island	Karpathos Island National Airport	AOK	Greece	Europe
Kavala	Kavala International Airport	KVA	Greece	Europe
Kefalonia Island	Kefalonia Island International Airport	EFL	Greece	Europe
Kos Island	Kos Island International Airport	KGS	Greece	Europe
Mykonos Island	Mykonos Island National Airport	JMK	Greece	Europe
Mytilene	Mytilene International Airport	MJT	Greece	Europe
Preveza	Aktion National Airport	PVK	Greece	Europe
Rhodes	Rhodes International Airport	RHO	Greece	Europe
Samos	Samos International Airport	SMI	Greece	Europe
Santorini	Santorini (Thira) National Airport	JTR	Greece	Europe
Skiathos Island	Skiathos Island National Airport	JSI	Greece	Europe
Skyros Island	Skyros Island National Airport	SKU	Greece	Europe
Thessaloniki	Thessaloniki International Airport	SKG	Greece	Europe
Volos	Nea Anchialos National Airport	VOL	Greece	Europe
Zakynthos	Zakynthos International Airport	ZTH	Greece	Europe
Alghero	Fertilia Airport	AHO	Italy	Europe
Ancona	Ancona Airport	AOI	Italy	Europe
Bari	Palese Airport	BRI	Italy	Europe
Bergamo	Orio al Serio Airport	BGY	Italy	Europe
Bologna	Bologna Airport	BLQ	Italy	Europe
Brescia	Brescia Airport	VBS	Italy	Europe
Brindisi	Brindisi Airport	BDS	Italy	Europe
Cagliari	Cagliari Airport	CAG	Italy	Europe
Catania	Fontanarossa Airport	CTA	Italy	Europe
Cuneo	Cuneo Levaldigi Airport	CUF	Italy	Europe
Florence	Peretola Airport	FLR	Italy	Europe
Genoa	Cristoforo Colombo Airport	GOA	Italy	Europe
Lamezia	Lamezia Terme Airport	SUF	Italy	Europe
Milan	Linate Airport	LIN	Italy	Europe
Milan	Malpensa Airport	MXP	Italy	Europe
Naples	Capodichino Airport	NAP	Italy	Europe
Olbia	Costa Smeralda Airport	OLB	Italy	Europe
Palermo	Palermo Airport	PMO	Italy	Europe
Perugia	San Egidio Airport	PEG	Italy	Europe
Pescara	Abruzzo Airport	PSR	Italy	Europe
Pisa	Galileo Galilei Airport	PSA	Italy	Europe
Rimini	Federico Fellini Airport	RMI	Italy	Europe
Rome	Leonardo da Vinci-Fiumicino Airport	FCO	Italy	Europe
Rome	Rome Ciampino Airport	CIA	Italy	Europe
Trapani	Vincenzo Florio Airport	TPS	Italy	Europe
Trieste	Friuli Venezia Giulia Airport	TRS	Italy	Europe
Turin	Caselle Airport	TRN	Italy	Europe
Venice	Venice Marco Polo Airport	VCE	Italy	Europe
Verona	Verona Airport	VRN	Italy	Europe
Basel-Mulhouse-Freiburg	EuroAirport Basel–Mulhouse–Freiburg	BSL	Switzerland	Europe
Bern	Bern-Belp Airport	BRN	Switzerland	Europe
Geneva	Geneva International Airport	GVA	Switzerland	Europe
St. Gallen	St. Gallen-Altenrhein Airport	ACH	Switzerland	Europe
Zurich	Zurich Airport	ZRH	Switzerland	Europe
Bydgoszcz	Bydgoszcz Ignacy Jan Paderewski Airport	BZG	Poland	Europe
Gdańsk	Gdańsk Lech Wałęsa Airport	GDN	Poland	Europe
Katowice	Katowice International Airport	KTW	Poland	Europe
Kraków	John Paul II International Airport Kraków-Balice	KRK	Poland	Europe
Lublin	Lublin Airport	LUZ	Poland	Europe
Łódź	Łódź Władysław Reymont Airport	LCJ	Poland	Europe
Poznań	Poznań Ławica Airport	POZ	Poland	Europe
Rzeszów	Rzeszów-Jasionka Airport	RZE	Poland	Europe
Szczecin	Szczecin-Goleniów "Solidarność" Airport	SZZ	Poland	Europe
Warsaw	Frédéric Chopin Airport	WAW	Poland	Europe
Warsaw	Modlin Airport	WMI	Poland	Europe
Wrocław	Copernicus Airport Wrocław	WRO	Poland	Europe
Bucharest	Henri Coanda International Airport	OTP	Romania	Europe
Cluj-Napoca	Cluj-Napoca International Airport	CLJ	Romania	Europe
Constanța	Mihail Kogălniceanu International Airport	CND	Romania	Europe
Iași	Iași International Airport	IAS	Romania	Europe
Oradea	Oradea International Airport	OMR	Romania	Europe
Sibiu	Sibiu International Airport	SBZ	Romania	Europe
Timișoara	Traian Vuia International Airport	TSR	Romania	Europe
Tirana	Tirana International Airport Nënë Tereza	TIA	Albania	Europe
Yerevan	Zvartnots International Airport	EVN	Armenia	Europe
Gyumri	Shirak Airport	LWN	Armenia	Europe
Baku	Heydar Aliyev International Airport	GYD	Azerbaijan	Europe
Ganja	Ganja International Airport	KVD	Azerbaijan	Europe
Nakhchivan (city)	Nakhchivan Airport	NAJ	Azerbaijan	Europe
Qabala	Qabala International Airport	GBB	Azerbaijan	Europe
Lankaran	Lankaran International Airport	LLK	Azerbaijan	Europe
Grodno	Hrodna Airport	GNA	Belarus	Europe
Gomel	Gomel Airport	GME	Belarus	Europe
Minsk	Minsk International Airport	MSQ	Belarus	Europe
Banja Luka	Banja Luka International Airport	BNX	Bosnia and Herzegovina	Europe
Sarajevo	Sarajevo International Airport	SJJ	Bosnia and Herzegovina	Europe
Tuzla	Tuzla International Airport	TZL	Bosnia and Herzegovina	Europe
Mostar	Mostar International Airport	OMO	Bosnia and Herzegovina	Europe
Burgas	Burgas Airport	BOJ	Bulgaria	Europe
Plovdiv	Plovdiv Airport	PDV	Bulgaria	Europe
Sofia	Sofia Airport	SOF	Bulgaria	Europe
Varna	Varna Airport	VAR	Bulgaria	Europe
Dubrovnik	Dubrovnik Airport	DBV	Croatia	Europe
Zagreb	Franjo Tuđman Airport	ZAG	Croatia	Europe
Osijek	Osijek Airport	OSI	Croatia	Europe
Pula	Pula Airport	PUY	Croatia	Europe
Rijeka	Rijeka Airport	RJK	Croatia	Europe
Split	Split Airport	SPU	Croatia	Europe
Zadar	Zadar Airport	ZAD	Croatia	Europe
Larnaca	Larnaca International Airport	LCA	Cyprus	Europe
Paphos	Paphos International Airport	PFO	Cyprus	Europe
Tymbou	Ercan International Airport	ECN	Cyprus	Europe
Brno	Brno-Tuřany Airport	BRQ	Czech Republic	Europe
Karlovy Vary	Karlovy Vary Airport	KLV	Czech Republic	Europe
Ostrava	Leoš Janáček Ostrava Airport	OSR	Czech Republic	Europe
Prague	Prague Václav Havel Airport	PRG	Czech Republic	Europe
Pardubice	Pardubice Airport	PED	Czech Republic	Europe
Tallinn	Lennart Meri Tallinn Airport	TLL	Estonia	Europe
Tartu	Tartu Airport	TAY	Estonia	Europe
Batumi	Batumi International Airport	BUS	Georgia	Europe
Kutaisi	Kutaisi International Airport	KUT	Georgia	Europe
Tbilisi	Tbilisi International Airport	TBS	Georgia	Europe
Budapest	Budapest Ferenc Liszt International Airport	BUD	Hungary	Europe
Debrecen	Debrecen International Airport	DEB	Hungary	Europe
Hévíz	Hévíz-Balaton Airport	SOB	Hungary	Europe
Győr-Pér	Győr-Pér International Airport	QGY	Hungary	Europe
Pécs-Pogány	Pécs-Pogány International Airport	QPJ	Hungary	Europe
Pristina	Pristina International Airport	PRN	Kosovo	Europe
Riga	Riga International Airport	RIX	Latvia	Europe
Ventspils	Ventspils International Airport	VNT	Latvia	Europe
Kaunas	Kaunas Airport	KUN	Lithuania	Europe
Palanga	Palanga International Airport	PLQ	Lithuania	Europe
Šiauliai	Šiauliai International Airport	SQQ	Lithuania	Europe
Vilnius	Vilnius International Airport	VNO	Lithuania	Europe
Ohrid	Ohrid St. Paul the Apostle Airport	OHD	Macedonia	Europe
Skopje	Skopje Alexander the Great Airport	SKP	Macedonia	Europe
Luqa	Malta International Airport	MLA	Malta	Europe
Chişinău	Chişinău International Airport	KIV	Republic of Moldova	Europe
Podgorica	Podgorica Airport	TGD	Montenegro	Europe
Tivat	Tivat Airport	TIV	Montenegro	Europe
Abakan	Abakan International Airport	ABA	Russia	Europe
Anadyr	Ugolny Airport	DYR	Russia	Europe
Anapa	Anapa Airport	AAQ	Russia	Europe
Arkhangelsk	Talagi Airport	ARH	Russia	Europe
Astrakhan	Narimanovo Airport	ASF	Russia	Europe
Barnaul	Barnaul Airport	BAX	Russia	Europe
Belgorod	Belgorod International Airport	EGO	Russia	Europe
Blagoveshchensk	Ignatyevo Airport	BQS	Russia	Europe
Bratsk	Bratsk Airport	BTK	Russia	Europe
Bryansk	Bryansk International Airport	BZK	Russia	Europe
Cheboksary	Cheboksary Airport	CSY	Russia	Europe
Chelyabinsk	Chelyabinsk Airport	CEK	Russia	Europe
Cherepovets	Cherepovets Airport	CEE	Russia	Europe
Chita	Kadala Airport	HTA	Russia	Europe
Elista	Elista Airport	ESL	Russia	Europe
Irkutsk	Irkutsk Airport	IKT	Russia	Europe
Grozny	Grozny Airport	GRV	Russia	Europe
Kaliningrad	Khrabrovo Airport	KGD	Russia	Europe
Kazan	Kazan Airport	KZN	Russia	Europe
Khabarovsk	Khabarovsk Novy Airport	KHV	Russia	Europe
Komsomolsk-on-Amur	Komsomolsk-on-Amur Airport	KXK	Russia	Europe
Krasnodar	Pashkovsky Airport	KRR	Russia	Europe
Krasnoyarsk	Yemelyanovo International Airport	KJA	Russia	Europe
Kursk	Kursk Vostochny Airport	URS	Russia	Europe
Magadan	Sokol Airport	GDX	Russia	Europe
Magnitogorsk	Magnitogorsk International Airport	MQF	Russia	Europe
Makhachkala	Uytash Airport	MCX	Russia	Europe
Mineralnye Vody	Mineralnye Vody Airport	MRV	Russia	Europe
Moscow	Domodedovo International Airport	DME	Russia	Europe
Moscow	Sheremetyevo International Airport	SVO	Russia	Europe
Moscow	Vnukovo Airport	VKO	Russia	Europe
Murmansk	Murmansk Airport	MMK	Russia	Europe
Nalchik	Nalchik Airport	NAL	Russia	Europe
Nizhnevartovsk	Nizhnevartovsk Airport	NJC	Russia	Europe
Nizhnekamsk	Begishevo Airport	NBC	Russia	Europe
Nizhny Novgorod	Strigino Airport	GOJ	Russia	Europe
Novokuznetsk	Spichenkovo Airport	NOZ	Russia	Europe
Novosibirsk	Tolmachevo Airport	OVB	Russia	Europe
Omsk	Omsk Tsentralny Airport	OMS	Russia	Europe
Orenburg	Orenburg Tsentralny Airport	REN	Russia	Europe
Orsk	Orsk Airport	OSW	Russia	Europe
Perm	Perm International Airport	PEE	Russia	Europe
Petrozavodsk	Petrozavodsk Airport	PES	Russia	Europe
Provideniya	Provideniya Bay Airport	PVS	Russia	Europe
Petropavlovsk-Kamchatsky	Yelizovo Airport	PKC	Russia	Europe
Pskov	Pskov Airport	PKV	Russia	Europe
Rostov-on-Don	Rostov-na-Donu Airport	ROV	Russia	Europe
Saint Petersburg	Pulkovo Airport	LED	Russia	Europe
Samara	Samara Kurumoch Airport	KUF	Russia	Europe
Saratov	Saratov Tsentralny Airport	RTW	Russia	Europe
Sochi	Sochi International Airport	AER	Russia	Europe
Stavropol	Stavropol Shpakovskoye Airport	STW	Russia	Europe
Surgut	Surgut International Airport	SGC	Russia	Europe
Syktyvkar	Syktyvkar Airport	SCW	Russia	Europe
Tomsk	Bogashevo Airport	TOF	Russia	Europe
Tyumen	Roshchino International Airport	TJM	Russia	Europe
Ulan-Ude	Baikal International Airport	UUD	Russia	Europe
Ulyanovsk	Ulyanovsk Vostochny Airport	ULY	Russia	Europe
Ufa	Ufa International Airport	UFA	Russia	Europe
Vladivostok	Vladivostok International Airport	VVO	Russia	Europe
Vladikavkaz	Beslan Airport	OGZ	Russia	Europe
Volgograd	Volgograd International Airport	VOG	Russia	Europe
Voronezh	Voronezh International Airport	VOZ	Russia	Europe
Yakutsk	Yakutsk Airport	YKS	Russia	Europe
Yaroslavl	Tunoshna Airport	IAR	Russia	Europe
Yekaterinburg	Koltsovo International Airport	SVX	Russia	Europe
Yuzhno-Sakhalinsk	Yuzhno-Sakhalinsk Airport	UUS	Russia	Europe
Belgrade	Belgrade Nikola Tesla Airport	BEG	Serbia	Europe
Niš	Niš Constantine the Great Airport	INI	Serbia	Europe
Bratislava	M. R. Štefánik Airport	BTS	Slovakia	Europe
Košice	Košice International Airport	KSC	Slovakia	Europe
Piešťany	Piešťany Airport	PZY	Slovakia	Europe
Poprad	Poprad-Tatry Airport	TAT	Slovakia	Europe
Sliač	Sliač Airport	SLD	Slovakia	Europe
Žilina	Žilina Airport	ILZ	Slovakia	Europe
Ljubljana	Ljubljana Jože Pučnik Airport	LJU	Slovenia	Europe
Portorož	Portorož Airport	POW	Slovenia	Europe
Adana	Şakirpaşa Airport	ADA	Turkey	Europe
Ankara	Esenboğa International Airport	ESB	Turkey	Europe
Antalya	Antalya Airport	AYT	Turkey	Europe
Bodrum	Milas-Bodrum Airport	BJV	Turkey	Europe
Bursa	Yenişehir Airport	YEI	Turkey	Europe
Dalaman	Dalaman Airport	DLM	Turkey	Europe
Gaziantep	Oğuzeli Airport	GZT	Turkey	Europe
Istanbul	Atatürk International Airport	IST	Turkey	Europe
Istanbul	Sabiha Gökçen International Airport	SAW	Turkey	Europe
İzmir	Adnan Menderes Airport	ADB	Turkey	Europe
Kayseri	Erkilet Airport	ASR	Turkey	Europe
Konya	Konya Airport	KYA	Turkey	Europe
Kütahya	Zafer Airport	KZR	Turkey	Europe
Malatya	Erhaç Airport	MLX	Turkey	Europe
Nevşehir	Kapadokya Airport	NAV	Turkey	Europe
Samsun	Samsun-Çarşamba Airport	SZF	Turkey	Europe
Trabzon	Trabzon Airport	TZX	Turkey	Europe
Zonguldak	Zonguldak Airport	ONQ	Turkey	Europe
Kiev	Boryspil International Airport	KBP	Ukraine	Europe
Chernivtsi	Chernivtsi International Airport	CWC	Ukraine	Europe
Donetsk	Donetsk Airport	DOK	Ukraine	Europe
Dnipropetrovsk	Dnipropetrovsk International Airport	DNK	Ukraine	Europe
Kiev	Gostomel Airport (cargo only, serving Kiev)	GML	Ukraine	Europe
Ivano-Frankivsk	Ivano-Frankivsk International Airport	IFO	Ukraine	Europe
Kharkiv	Kharkiv International Airport	HRK	Ukraine	Europe
Kryvyi Rih	Kryvyi Rih International Airport	KWG	Ukraine	Europe
Kiev	Kyiv Zhuliany International Airport	IEV	Ukraine	Europe
Luhansk	Luhansk International Airport	VSG	Ukraine	Europe
Lviv	Lviv Danylo Halytskyi International Airport	LWO	Ukraine	Europe
Odessa	Lymanske International Airport		Ukraine	Europe
Mykolaiv Oblast	Mykolaiv International Airport	NLV	Ukraine	Europe
Odessa	Odessa International Airport	ODS	Ukraine	Europe
Simferopol	Simferopol International Airport	SIP	Ukraine	Europe
Zaporizhia	Zaporizhia International Airport	OZH	Ukraine	Europe
Aalborg	Aalborg Airport	AAL	Denmark	Europe
Aarhus	Aarhus Airport	AAR	Denmark	Europe
Billund	Billund Airport	BLL	Denmark	Europe
Copenhagen	Copenhagen Airport	CPH	Denmark	Europe
Vágar	Vágar Airport	FAE	Faroe Islands	Europe
Aland	Mariehamn Airport (Åland)	MHQ	Finland	Europe
Helsinki	Helsinki-Vantaa Airport	HEL	Finland	Europe
Kittilä	Kittilä Airport	KTT	Finland	Europe
Kuopio	Kuopio Airport	KUO	Finland	Europe
Kuusamo	Kuusamo Airport	KAO	Finland	Europe
Lappeenranta	Lappeenranta Airport	LPP	Finland	Europe
Oulu	Oulu Airport	OUL	Finland	Europe
Rovaniemi	Rovaniemi Airport	RVN	Finland	Europe
Tampere	Tampere-Pirkkala Airport	TMP	Finland	Europe
Turku	Turku Airport	TKU	Finland	Europe
Vaasa	Vaasa Airport	VAA	Finland	Europe
Akureyri	Akureyri Airport	AEY	Iceland	Europe
Reykjavik	Keflavik International Airport	KEF	Iceland	Europe
Reykjavik	Reykjavik Airport	RKV	Iceland	Europe
Ålesund	Ålesund Airport	AES	Norway	Europe
Bergen	Bergen Airport	BGO	Norway	Europe
Bodø	Bodø Airport	BOO	Norway	Europe
Haugesund	Haugesund Airport	HAU	Norway	Europe
Kristiansand	Kristiansand Airport, Kjevik	KRS	Norway	Europe
Kristiansund	Kristiansund Airport, Kvernberget	KSU	Norway	Europe
Oslo	Oslo Airport-Gardermoen	OSL	Norway	Europe
Oslo	Moss Airport	RYG	Norway	Europe
Oslo	Sandefjord Airport	TRF	Norway	Europe
Stavanger	Stavanger Airport	SVG	Norway	Europe
Tromsø	Tromsø Airport	TOS	Norway	Europe
Trondheim	Trondheim Airport	TRD	Norway	Europe
Gothenburg	Gothenburg City Airport	GSE	Sweden	Europe
Gothenburg	Göteborg Landvetter Airport	GOT	Sweden	Europe
Luleå	Luleå Airport	LLA	Sweden	Europe
Malmö	Malmö Airport	MMX	Sweden	Europe
Norrköping	Norrköping Airport	NRK	Sweden	Europe
Östersund	Åre Östersund Airport	OSD	Sweden	Europe
Stockholm	Stockholm-Arlanda Airport	ARN	Sweden	Europe
Stockholm	Stockholm-Bromma Airport	BMA	Sweden	Europe
Stockholm	Stockholm-Skavsta Airport	NYO	Sweden	Europe
Stockholm	Stockholm-Västerås Airport	VST	Sweden	Europe
Umeå	Umeå Airport	UME	Sweden	Europe
Växjö	Växjö Airport	VXO	Sweden	Europe
Visby	Visby Airport	VBY	Sweden	Europe
Birmingham	Birmingham International Airport	BHX	England and Wales	Europe
Bournemouth	Bournemouth Airport	BOH	England and Wales	Europe
Bristol	Bristol Airport	BRS	England and Wales	Europe
Cardiff	Cardiff Airport	CWL	England and Wales	Europe
Doncaster/Sheffield	Robin Hood Airport Doncaster Sheffield	DSA	England and Wales	Europe
Middlesbrough	Durham Tees Valley Airport	MME	England and Wales	Europe
Nottingham/Leicester	East Midlands Airport	EMA	England and Wales	Europe
Exeter	Exeter International Airport	EXT	England and Wales	Europe
Leeds/Bradford	Leeds Bradford International Airport	LBA	England and Wales	Europe
Liverpool	Liverpool John Lennon Airport	LPL	England and Wales	Europe
London	London City Airport	LCY	England and Wales	Europe
London	Gatwick Airport	LGW	England and Wales	Europe
London	Heathrow Airport	LHR	England and Wales	Europe
London	Luton Airport	LTN	England and Wales	Europe
London	Southend Airport	SEN	England and Wales	Europe
London	Stansted Airport	STN	England and Wales	Europe
Manchester	Manchester Airport	MAN	England and Wales	Europe
Newcastle upon Tyne	Newcastle Airport	NCL	England and Wales	Europe
Newquay	Newquay Cornwall Airport	NQY	England and Wales	Europe
Norwich	Norwich International Airport	NWI	England and Wales	Europe
Southampton	Southampton Airport	SOU	England and Wales	Europe
Aberdeen	Aberdeen Airport	ABZ	Scotland	Europe
Edinburgh	Edinburgh Airport	EDI	Scotland	Europe
Glasgow	Glasgow International Airport	GLA	Scotland	Europe
Glasgow	Glasgow Prestwick Airport	PIK	Scotland	Europe
Inverness	Inverness Airport	INV	Scotland	Europe
Belfast	Belfast International Airport	BFS	Northern Ireland	Europe
Belfast	George Best Belfast City Airport	BHD	Northern Ireland	Europe
Derry	City of Derry Airport	LDY	Northern Ireland	Europe
Adelaide	Adelaide Airport	ADL	Australia	Oceania
Brisbane	Brisbane Airport	BNE	Australia	Oceania
Cairns	Cairns Airport	CNS	Australia	Oceania
Canberra	Canberra Airport	CBR	Australia	Oceania
Darwin	Darwin International Airport	DRW	Australia	Oceania
Gold Coast	Gold Coast Airport	OOL	Australia	Oceania
Hobart	Hobart International Airport	HBA	Australia	Oceania
Melbourne	Melbourne Airport	MEL	Australia	Oceania
Perth	Perth Airport	PER	Australia	Oceania
Port Hedland	Port Hedland International Airport	PHE	Australia	Oceania
Sydney	Sydney Airport	SYD	Australia	Oceania
Townsville	Townsville International Airport	TSV	Australia	Oceania
Christmas Island	Christmas Island Airport	XCH	Christmas Island	Oceania
Cocos (Keeling Islands)	Cocos (Keeling) Islands Airport	CCK	Cocos (Keeling Islands)	Oceania
Cook Islands	Rarotonga Airport	RAR	Cook Islands	Oceania
Hanga Roa	Mataveri International Airport	IPC	Easter Island	Oceania
Nadi	Nadi International Airport	NAN	Fiji	Oceania
Suva	Nausori International Airport	SUV	Fiji	Oceania
Papeete	Faa'a International Airport	PPT	French Polynesia	Oceania
Hagåtña	Antonio B. Won Pat International Airport	GUM	Guam	Oceania
Kiritimati	Cassidy International Airport	CXI	Kiribati	Oceania
Tarawa	Bonriki International Airport	TRW	Kiribati	Oceania
Kwajalein	Bucholz Army Airfield	KWA	Marshall Islands	Oceania
Majuro	Marshall Islands International Airport	MAJ	Marshall Islands	Oceania
Chuuk	Chuuk International Airport	TKK	Federated States of Micronesia	Oceania
Kosrae	Kosrae International Airport	KSA	Federated States of Micronesia	Oceania
Pohnpei	Pohnpei International Airport	PNI	Federated States of Micronesia	Oceania
Yap	Yap International Airport	YAP	Federated States of Micronesia	Oceania
Yaren	Nauru International Airport	INU	Nauru	Oceania
Nouméa	La Tontouta International Airport	NOU	New Caledonia	Oceania
Auckland	Auckland Airport	AKL	New Zealand	Oceania
Christchurch	Christchurch International Airport	CHC	New Zealand	Oceania
Dunedin	Dunedin International Airport	DUD	New Zealand	Oceania
Queenstown	Queenstown Airport	ZQN	New Zealand	Oceania
Wellington	Wellington International Airport	WLG	New Zealand	Oceania
Norfolk Island	Norfolk Airport	NLK	Norfolk Island	Oceania
Rota Island	Rota International Airport	ROP	Northern Mariana Islands	Oceania
Saipan Island	Saipan International Airport	SPN	Northern Mariana Islands	Oceania
Tinian Island	Tinian International Airport	TIQ	Northern Mariana Islands	Oceania
Alofi	Niue International Airport	IUE	Niue	Oceania
Koror	Roman Tmetuchl International Airport	ROR	Palau	Oceania
Port Moresby	Jacksons International Airport	POM	Papua New Guinea	Oceania
Apia	Faleolo International Airport	APW	Samoa	Oceania
Honiara	Honiara International Airport	HIR	Solomon Islands	Oceania
Nukuʻalofa	Fuaʻamotu International Airport	TBU	Tonga	Oceania
Vavaʻu	Vava'u International Airport	VAV	Tonga	Oceania
Funafuti	Funafuti International Airport	FUN	Tuvalu	Oceania
Luganville	Santo-Pekoa International Airport	SON	Vanuatu	Oceania
Port Vila	Bauerfield International Airport	VLI	Vanuatu	Oceania
Futuna	Pointe Vele Airport	FUT	Wallis and Futuna	Oceania
Wallis	Hihifo Airport	WLS	Wallis and Futuna	Oceania
